accession	ncbi_organism_name	ncbi_taxonomy	gtdb_taxonomy	gtdb_species_representative	ncbi_type_material
GCA_001768195.1	Bacteroidetes bacterium GWA2_40_15	d__Bacteria; p__Bacteroidetes; c__; o__; f__; g__; s__	d__Bacteria; p__Bacteroidota; c__Bacteroidia; o__Bacteroidales; f__VadinHA17; g__LD21; s__LD21 sp001768195	True	False
GCA_001768305.1	Bacteroidetes bacterium GWC2_40_22	d__Bacteria; p__Bacteroidetes; c__; o__; f__; g__; s__	d__Bacteria; p__Bacteroidota; c__Bacteroidia; o__Bacteroidales; f__VadinHA17; g__LD21; s__LD21 sp001768195	False	False
GCA_001768485.1	Bacteroidetes bacterium GWE2_41_25	d__Bacteria; p__Bacteroidetes; c__; o__; f__; g__; s__	d__Bacteria; p__Bacteroidota; c__Bacteroidia; o__Bacteroidales; f__VadinHA17; g__LD21; s__LD21 sp001768195	False	False
GCA_001769225.1	Bacteroidetes bacterium GWF2_41_9	d__Bacteria; p__Bacteroidetes; c__; o__; f__; g__; s__	d__Bacteria; p__Bacteroidota; c__Bacteroidia; o__Bacteroidales; f__VadinHA17; g__LD21; s__LD21 sp001768195	False	False
GCA_002070505.1	Bacteroidetes bacterium ADurb.Bin145	d__Bacteria; p__Bacteroidetes; c__; o__; f__; g__; s__	d__Bacteria; p__Bacteroidota; c__Bacteroidia; o__Bacteroidales; f__VadinHA17; g__LD21; s__LD21 sp002070505	True	False
GCA_002319885.1	Bacteroidales bacterium UBA1797	d__Bacteria; p__Bacteroidetes; c__Bacteroidia; o__Bacteroidales; f__; g__; s__	d__Bacteria; p__Bacteroidota; c__Bacteroidia; o__Bacteroidales; f__VadinHA17; g__LD21; s__LD21 sp002319885	True	False
GCA_002319915.1	Bacteroidales bacterium UBA1800	d__Bacteria; p__Bacteroidetes; c__Bacteroidia; o__Bacteroidales; f__; g__; s__	d__Bacteria; p__Bacteroidota; c__Bacteroidia; o__Bacteroidales; f__VadinHA17; g__LD21; s__LD21 sp002319915	True	False
GCA_002325785.1	Bacteroidales bacterium UBA1458	d__Bacteria; p__Bacteroidetes; c__Bacteroidia; o__Bacteroidales; f__; g__; s__	d__Bacteria; p__Bacteroidota; c__Bacteroidia; o__Bacteroidales; f__VadinHA17; g__SR-FBR-E99; s__SR-FBR-E99 sp002325785	True	False
GCA_002328065.1	Bacteroidales bacterium UBA2183	d__Bacteria; p__Bacteroidetes; c__Bacteroidia; o__Bacteroidales; f__; g__; s__	d__Bacteria; p__Bacteroidota; c__Bacteroidia; o__Bacteroidales; f__VadinHA17; g__SR-FBR-E99; s__SR-FBR-E99 sp002403305	False	False
GCA_002328625.1	Bacteroidales bacterium UBA2198	d__Bacteria; p__Bacteroidetes; c__Bacteroidia; o__Bacteroidales; f__; g__; s__	d__Bacteria; p__Bacteroidota; c__Bacteroidia; o__Bacteroidales; f__VadinHA17; g__LD21; s__LD21 sp002328625	True	False
GCA_002347145.1	Bacteroidales bacterium UBA2263	d__Bacteria; p__Bacteroidetes; c__Bacteroidia; o__Bacteroidales; f__; g__; s__	d__Bacteria; p__Bacteroidota; c__Bacteroidia; o__Bacteroidales; f__VadinHA17; g__SR-FBR-E99; s__SR-FBR-E99 sp002383485	False	False
GCA_002347435.1	Bacteroidales bacterium UBA2267	d__Bacteria; p__Bacteroidetes; c__Bacteroidia; o__Bacteroidales; f__; g__; s__	d__Bacteria; p__Bacteroidota; c__Bacteroidia; o__Bacteroidales; f__VadinHA17; g__LD21; s__LD21 sp002428385	False	False
GCA_002348065.1	Bacteroidales bacterium UBA2254	d__Bacteria; p__Bacteroidetes; c__Bacteroidia; o__Bacteroidales; f__; g__; s__	d__Bacteria; p__Bacteroidota; c__Bacteroidia; o__Bacteroidales; f__VadinHA17; g__SR-FBR-E99; s__SR-FBR-E99 sp002403305	False	False
GCA_002383485.1	Bacteroidales bacterium UBA4070	d__Bacteria; p__Bacteroidetes; c__Bacteroidia; o__Bacteroidales; f__; g__; s__	d__Bacteria; p__Bacteroidota; c__Bacteroidia; o__Bacteroidales; f__VadinHA17; g__SR-FBR-E99; s__SR-FBR-E99 sp002383485	True	False
GCA_002402645.1	Bacteroidales bacterium UBA4805	d__Bacteria; p__Bacteroidetes; c__Bacteroidia; o__Bacteroidales; f__; g__; s__	d__Bacteria; p__Bacteroidota; c__Bacteroidia; o__Bacteroidales; f__VadinHA17; g__LD21; s__LD21 sp002428385	False	False
GCA_002402965.1	Bacteroidales bacterium UBA4788	d__Bacteria; p__Bacteroidetes; c__Bacteroidia; o__Bacteroidales; f__; g__; s__	d__Bacteria; p__Bacteroidota; c__Bacteroidia; o__Bacteroidales; f__VadinHA17; g__SR-FBR-E99; s__SR-FBR-E99 sp002402965	True	False
GCA_002403305.1	Bacteroidales bacterium UBA4772	d__Bacteria; p__Bacteroidetes; c__Bacteroidia; o__Bacteroidales; f__; g__; s__	d__Bacteria; p__Bacteroidota; c__Bacteroidia; o__Bacteroidales; f__VadinHA17; g__SR-FBR-E99; s__SR-FBR-E99 sp002403305	True	False
GCA_002409145.1	Bacteroidales bacterium UBA5235	d__Bacteria; p__Bacteroidetes; c__Bacteroidia; o__Bacteroidales; f__; g__; s__	d__Bacteria; p__Bacteroidota; c__Bacteroidia; o__Bacteroidales; f__VadinHA17; g__SR-FBR-E99; s__SR-FBR-E99 sp002409145	True	False
GCA_002418645.1	Bacteroidales bacterium UBA5773	d__Bacteria; p__Bacteroidetes; c__Bacteroidia; o__Bacteroidales; f__; g__; s__	d__Bacteria; p__Bacteroidota; c__Bacteroidia; o__Bacteroidales; f__VadinHA17; g__LD21; s__LD21 sp002428385	False	False
GCA_002419345.1	Bacteroidales bacterium UBA5737	d__Bacteria; p__Bacteroidetes; c__Bacteroidia; o__Bacteroidales; f__; g__; s__	d__Bacteria; p__Bacteroidota; c__Bacteroidia; o__Bacteroidales; f__VadinHA17; g__SR-FBR-E99; s__SR-FBR-E99 sp002403305	False	False
GCA_002424525.1	Bacteroidales bacterium UBA5621	d__Bacteria; p__Bacteroidetes; c__Bacteroidia; o__Bacteroidales; f__; g__; s__	d__Bacteria; p__Bacteroidota; c__Bacteroidia; o__Bacteroidales; f__VadinHA17; g__LD21; s__LD21 sp002424525	True	False
GCA_002428385.1	Bacteroidales bacterium UBA6117	d__Bacteria; p__Bacteroidetes; c__Bacteroidia; o__Bacteroidales; f__; g__; s__	d__Bacteria; p__Bacteroidota; c__Bacteroidia; o__Bacteroidales; f__VadinHA17; g__LD21; s__LD21 sp002428385	True	False
GCA_002428785.1	Bacteroidales bacterium UBA6074	d__Bacteria; p__Bacteroidetes; c__Bacteroidia; o__Bacteroidales; f__; g__; s__	d__Bacteria; p__Bacteroidota; c__Bacteroidia; o__Bacteroidales; f__VadinHA17; g__SR-FBR-E99; s__SR-FBR-E99 sp002403305	False	False
GCA_003141415.1	Bacteroidales bacterium	d__Bacteria; p__Bacteroidetes; c__Bacteroidia; o__Bacteroidales; f__; g__; s__	d__Bacteria; p__Bacteroidota; c__Bacteroidia; o__Bacteroidales; f__VadinHA17; g__LD21; s__LD21 sp003141415	True	False
GCA_003141475.1	Bacteroidales bacterium	d__Bacteria; p__Bacteroidetes; c__Bacteroidia; o__Bacteroidales; f__; g__; s__	d__Bacteria; p__Bacteroidota; c__Bacteroidia; o__Bacteroidales; f__VadinHA17; g__LD21; s__LD21 sp003142255	False	False
GCA_003141495.1	Bacteroidales bacterium	d__Bacteria; p__Bacteroidetes; c__Bacteroidia; o__Bacteroidales; f__; g__; s__	d__Bacteria; p__Bacteroidota; c__Bacteroidia; o__Bacteroidales; f__VadinHA17; g__LD21; s__LD21 sp003141495	True	False
GCA_003141525.1	Bacteroidales bacterium	d__Bacteria; p__Bacteroidetes; c__Bacteroidia; o__Bacteroidales; f__; g__; s__	d__Bacteria; p__Bacteroidota; c__Bacteroidia; o__Bacteroidales; f__VadinHA17; g__LD21; s__LD21 sp003141525	True	False
GCA_003141595.1	Bacteroidales bacterium	d__Bacteria; p__Bacteroidetes; c__Bacteroidia; o__Bacteroidales; f__; g__; s__	d__Bacteria; p__Bacteroidota; c__Bacteroidia; o__Bacteroidales; f__VadinHA17; g__LD21; s__LD21 sp003142255	False	False
GCA_003141715.1	Bacteroidales bacterium	d__Bacteria; p__Bacteroidetes; c__Bacteroidia; o__Bacteroidales; f__; g__; s__	d__Bacteria; p__Bacteroidota; c__Bacteroidia; o__Bacteroidales; f__VadinHA17; g__LD21; s__LD21 sp003141715	True	False
GCA_003141755.1	Bacteroidales bacterium	d__Bacteria; p__Bacteroidetes; c__Bacteroidia; o__Bacteroidales; f__; g__; s__	d__Bacteria; p__Bacteroidota; c__Bacteroidia; o__Bacteroidales; f__VadinHA17; g__LD21; s__LD21 sp003141525	False	False
GCA_003141895.1	Bacteroidales bacterium	d__Bacteria; p__Bacteroidetes; c__Bacteroidia; o__Bacteroidales; f__; g__; s__	d__Bacteria; p__Bacteroidota; c__Bacteroidia; o__Bacteroidales; f__VadinHA17; g__LD21; s__LD21 sp003141895	True	False
GCA_003142255.1	Bacteroidales bacterium	d__Bacteria; p__Bacteroidetes; c__Bacteroidia; o__Bacteroidales; f__; g__; s__	d__Bacteria; p__Bacteroidota; c__Bacteroidia; o__Bacteroidales; f__VadinHA17; g__LD21; s__LD21 sp003142255	True	False
GCA_003152835.1	Bacteroidales bacterium	d__Bacteria; p__Bacteroidetes; c__Bacteroidia; o__Bacteroidales; f__; g__; s__	d__Bacteria; p__Bacteroidota; c__Bacteroidia; o__Bacteroidales; f__VadinHA17; g__LD21; s__LD21 sp003152835	True	False
GCA_003152935.1	Bacteroidales bacterium	d__Bacteria; p__Bacteroidetes; c__Bacteroidia; o__Bacteroidales; f__; g__; s__	d__Bacteria; p__Bacteroidota; c__Bacteroidia; o__Bacteroidales; f__VadinHA17; g__LD21; s__LD21 sp003157075	False	False
GCA_003154675.1	Bacteroidales bacterium	d__Bacteria; p__Bacteroidetes; c__Bacteroidia; o__Bacteroidales; f__; g__; s__	d__Bacteria; p__Bacteroidota; c__Bacteroidia; o__Bacteroidales; f__VadinHA17; g__LD21; s__LD21 sp003152835	False	False
GCA_003154725.1	Bacteroidales bacterium	d__Bacteria; p__Bacteroidetes; c__Bacteroidia; o__Bacteroidales; f__; g__; s__	d__Bacteria; p__Bacteroidota; c__Bacteroidia; o__Bacteroidales; f__VadinHA17; g__LD21; s__LD21 sp003141895	False	False
GCA_003155705.1	Bacteroidales bacterium	d__Bacteria; p__Bacteroidetes; c__Bacteroidia; o__Bacteroidales; f__; g__; s__	d__Bacteria; p__Bacteroidota; c__Bacteroidia; o__Bacteroidales; f__VadinHA17; g__LD21; s__LD21 sp003155705	True	False
GCA_003157015.1	Bacteroidales bacterium	d__Bacteria; p__Bacteroidetes; c__Bacteroidia; o__Bacteroidales; f__; g__; s__	d__Bacteria; p__Bacteroidota; c__Bacteroidia; o__Bacteroidales; f__VadinHA17; g__LD21; s__LD21 sp003157015	True	False
GCA_003157055.1	Bacteroidales bacterium	d__Bacteria; p__Bacteroidetes; c__Bacteroidia; o__Bacteroidales; f__; g__; s__	d__Bacteria; p__Bacteroidota; c__Bacteroidia; o__Bacteroidales; f__VadinHA17; g__LD21; s__LD21 sp003157055	True	False
GCA_003157075.1	Bacteroidales bacterium	d__Bacteria; p__Bacteroidetes; c__Bacteroidia; o__Bacteroidales; f__; g__; s__	d__Bacteria; p__Bacteroidota; c__Bacteroidia; o__Bacteroidales; f__VadinHA17; g__LD21; s__LD21 sp003157075	True	False
GCA_003161895.1	Bacteroidales bacterium	d__Bacteria; p__Bacteroidetes; c__Bacteroidia; o__Bacteroidales; f__; g__; s__	d__Bacteria; p__Bacteroidota; c__Bacteroidia; o__Bacteroidales; f__VadinHA17; g__LD21; s__LD21 sp003157015	False	False
GCA_003162595.1	Bacteroidales bacterium	d__Bacteria; p__Bacteroidetes; c__Bacteroidia; o__Bacteroidales; f__; g__; s__	d__Bacteria; p__Bacteroidota; c__Bacteroidia; o__Bacteroidales; f__VadinHA17; g__LD21; s__LD21 sp003162595	True	False
GCA_003170015.1	Bacteroidales bacterium	d__Bacteria; p__Bacteroidetes; c__Bacteroidia; o__Bacteroidales; f__; g__; s__	d__Bacteria; p__Bacteroidota; c__Bacteroidia; o__Bacteroidales; f__VadinHA17; g__LD21; s__LD21 sp003152835	False	False
GCA_003245695.1	Bacteroidetes bacterium	d__Bacteria; p__Bacteroidetes; c__; o__; f__; g__; s__	d__Bacteria; p__Bacteroidota; c__Bacteroidia; o__Bacteroidales; f__VadinHA17; g__SR-FBR-E99; s__SR-FBR-E99 sp003245695	True	False
GCA_003250475.1	Bacteroidetes bacterium	d__Bacteria; p__Bacteroidetes; c__; o__; f__; g__; s__	d__Bacteria; p__Bacteroidota; c__Bacteroidia; o__Bacteroidales; f__VadinHA17; g__SR-FBR-E99; s__SR-FBR-E99 sp003250475	True	False
GCA_003453755.1	Bacteroidales bacterium	d__Bacteria; p__Bacteroidetes; c__Bacteroidia; o__Bacteroidales; f__; g__; s__	d__Bacteria; p__Bacteroidota; c__Bacteroidia; o__Bacteroidales; f__VadinHA17; g__LD21; s__LD21 sp001768195	False	False
GCA_003488885.1	Bacteroidales bacterium	d__Bacteria; p__Bacteroidetes; c__Bacteroidia; o__Bacteroidales; f__; g__; s__	d__Bacteria; p__Bacteroidota; c__Bacteroidia; o__Bacteroidales; f__VadinHA17; g__LD21; s__LD21 sp003520925	False	False
GCA_003501665.1	Bacteroidales bacterium	d__Bacteria; p__Bacteroidetes; c__Bacteroidia; o__Bacteroidales; f__; g__; s__	d__Bacteria; p__Bacteroidota; c__Bacteroidia; o__Bacteroidales; f__VadinHA17; g__LD21; s__LD21 sp003501665	True	False
GCA_003508665.1	Bacteroidales bacterium	d__Bacteria; p__Bacteroidetes; c__Bacteroidia; o__Bacteroidales; f__; g__; s__	d__Bacteria; p__Bacteroidota; c__Bacteroidia; o__Bacteroidales; f__VadinHA17; g__LD21; s__LD21 sp001768195	False	False
GCA_003518245.1	Bacteroidales bacterium	d__Bacteria; p__Bacteroidetes; c__Bacteroidia; o__Bacteroidales; f__; g__; s__	d__Bacteria; p__Bacteroidota; c__Bacteroidia; o__Bacteroidales; f__VadinHA17; g__UBA9300; s__UBA9300 sp003518245	True	False
GCA_003520925.1	Bacteroidales bacterium	d__Bacteria; p__Bacteroidetes; c__Bacteroidia; o__Bacteroidales; f__; g__; s__	d__Bacteria; p__Bacteroidota; c__Bacteroidia; o__Bacteroidales; f__VadinHA17; g__LD21; s__LD21 sp003520925	True	False
GCA_003521565.1	Bacteroidales bacterium	d__Bacteria; p__Bacteroidetes; c__Bacteroidia; o__Bacteroidales; f__; g__; s__	d__Bacteria; p__Bacteroidota; c__Bacteroidia; o__Bacteroidales; f__VadinHA17; g__UBA8202; s__UBA8202 sp003521565	False	False
GCA_003528105.1	Bacteroidales bacterium	d__Bacteria; p__Bacteroidetes; c__Bacteroidia; o__Bacteroidales; f__; g__; s__	d__Bacteria; p__Bacteroidota; c__Bacteroidia; o__Bacteroidales; f__VadinHA17; g__LD21; s__LD21 sp001768195	False	False
GCA_003542595.1	Bacteroidales bacterium	d__Bacteria; p__Bacteroidetes; c__Bacteroidia; o__Bacteroidales; f__; g__; s__	d__Bacteria; p__Bacteroidota; c__Bacteroidia; o__Bacteroidales; f__VadinHA17; g__LD21; s__LD21 sp001768195	False	False
GCA_003557255.1	Bacteroidetes bacterium	d__Bacteria; p__Bacteroidetes; c__; o__; f__; g__; s__	d__Bacteria; p__Bacteroidota; c__Bacteroidia; o__Bacteroidales; f__VadinHA17; g__SLNP01; s__SLNP01 sp007132995	False	False
GCA_006227095.1	Bacteroidetes bacterium	d__Bacteria; p__Bacteroidetes; c__; o__; f__; g__; s__	d__Bacteria; p__Bacteroidota; c__Bacteroidia; o__Bacteroidales; f__VadinHA17; g__SR-FBR-E99; s__SR-FBR-E99 sp006227095	True	False
GCA_007118335.1	Bacteroidales bacterium	d__Bacteria; p__Bacteroidetes; c__Bacteroidia; o__Bacteroidales; f__; g__; s__	d__Bacteria; p__Bacteroidota; c__Bacteroidia; o__Bacteroidales; f__VadinHA17; g__SLNP01; s__SLNP01 sp007132995	False	False
GCA_007129705.1	Bacteroidales bacterium	d__Bacteria; p__Bacteroidetes; c__Bacteroidia; o__Bacteroidales; f__; g__; s__	d__Bacteria; p__Bacteroidota; c__Bacteroidia; o__Bacteroidales; f__VadinHA17; g__SLNP01; s__SLNP01 sp007132995	False	False
GCA_007132995.1	Bacteroidales bacterium	d__Bacteria; p__Bacteroidetes; c__Bacteroidia; o__Bacteroidales; f__; g__; s__	d__Bacteria; p__Bacteroidota; c__Bacteroidia; o__Bacteroidales; f__VadinHA17; g__SLNP01; s__SLNP01 sp007132995	True	False
GCA_009877105.1	Bacteroidales bacterium	d__Bacteria; p__Bacteroidetes; c__Bacteroidia; o__Bacteroidales; f__; g__; s__	d__Bacteria; p__Bacteroidota; c__Bacteroidia; o__Bacteroidales; f__VadinHA17; g__LD21; s__LD21 sp009877105	True	False
GCA_009877155.1	Bacteroidales bacterium	d__Bacteria; p__Bacteroidetes; c__Bacteroidia; o__Bacteroidales; f__; g__; s__	d__Bacteria; p__Bacteroidota; c__Bacteroidia; o__Bacteroidales; f__VadinHA17; g__LD21; s__LD21 sp002070505	False	False
GCA_009877185.1	Bacteroidales bacterium	d__Bacteria; p__Bacteroidetes; c__Bacteroidia; o__Bacteroidales; f__; g__; s__	d__Bacteria; p__Bacteroidota; c__Bacteroidia; o__Bacteroidales; f__VadinHA17; g__LD21; s__LD21 sp012519515	False	False
GCA_009881065.1	Bacteroidales bacterium	d__Bacteria; p__Bacteroidetes; c__Bacteroidia; o__Bacteroidales; f__; g__; s__	d__Bacteria; p__Bacteroidota; c__Bacteroidia; o__Bacteroidales; f__VadinHA17; g__SR-FBR-E99; s__SR-FBR-E99 sp009881065	True	False
GCA_011042635.1	Bacteroidetes bacterium	d__Bacteria; p__Bacteroidetes; c__; o__; f__; g__; s__	d__Bacteria; p__Bacteroidota; c__Bacteroidia; o__Bacteroidales; f__VadinHA17; g__HyVt-105; s__HyVt-105 sp011042635	True	False
GCA_011049175.1	Bacteroidetes bacterium	d__Bacteria; p__Bacteroidetes; c__; o__; f__; g__; s__	d__Bacteria; p__Bacteroidota; c__Bacteroidia; o__Bacteroidales; f__VadinHA17; g__HyVt-105; s__HyVt-105 sp011049175	True	False
GCA_011050615.1	Bacteroidetes bacterium	d__Bacteria; p__Bacteroidetes; c__; o__; f__; g__; s__	d__Bacteria; p__Bacteroidota; c__Bacteroidia; o__Bacteroidales; f__VadinHA17; g__UBA9300; s__UBA9300 sp011050615	True	False
GCA_011367685.1	Bacteroidetes bacterium	d__Bacteria; p__Bacteroidetes; c__; o__; f__; g__; s__	d__Bacteria; p__Bacteroidota; c__Bacteroidia; o__Bacteroidales; f__VadinHA17; g__UBA8202; s__UBA8202 sp011367685	True	False
GCA_011374625.1	Bacteroidetes bacterium	d__Bacteria; p__Bacteroidetes; c__; o__; f__; g__; s__	d__Bacteria; p__Bacteroidota; c__Bacteroidia; o__Bacteroidales; f__VadinHA17; g__DRPN01; s__DRPN01 sp011374625	True	False
GCA_011620595.1	Bacteroidales bacterium	d__Bacteria; p__Bacteroidetes; c__Bacteroidia; o__Bacteroidales; f__; g__; s__	d__Bacteria; p__Bacteroidota; c__Bacteroidia; o__Bacteroidales; f__VadinHA17; g__SR-FBR-E99; s__SR-FBR-E99 sp011620595	True	False
GCA_012513795.1	Bacteroidales bacterium	d__Bacteria; p__Bacteroidetes; c__Bacteroidia; o__Bacteroidales; f__; g__; s__	d__Bacteria; p__Bacteroidota; c__Bacteroidia; o__Bacteroidales; f__VadinHA17; g__SR-FBR-E99; s__SR-FBR-E99 sp012513795	True	False
GCA_012514255.1	Bacteroidales bacterium	d__Bacteria; p__Bacteroidetes; c__Bacteroidia; o__Bacteroidales; f__; g__; s__	d__Bacteria; p__Bacteroidota; c__Bacteroidia; o__Bacteroidales; f__VadinHA17; g__SR-FBR-E99; s__SR-FBR-E99 sp012514255	True	False
GCA_012517605.1	Bacteroidales bacterium	d__Bacteria; p__Bacteroidetes; c__Bacteroidia; o__Bacteroidales; f__; g__; s__	d__Bacteria; p__Bacteroidota; c__Bacteroidia; o__Bacteroidales; f__VadinHA17; g__LD21; s__LD21 sp012517605	True	False
GCA_012519515.1	Bacteroidales bacterium	d__Bacteria; p__Bacteroidetes; c__Bacteroidia; o__Bacteroidales; f__; g__; s__	d__Bacteria; p__Bacteroidota; c__Bacteroidia; o__Bacteroidales; f__VadinHA17; g__LD21; s__LD21 sp012519515	True	False
GCA_012522155.1	Bacteroidales bacterium	d__Bacteria; p__Bacteroidetes; c__Bacteroidia; o__Bacteroidales; f__; g__; s__	d__Bacteria; p__Bacteroidota; c__Bacteroidia; o__Bacteroidales; f__VadinHA17; g__LD21; s__LD21 sp012522155	True	False
GCA_012729475.1	Bacteroidetes bacterium	d__Bacteria; p__Bacteroidetes; c__; o__; f__; g__; s__	d__Bacteria; p__Bacteroidota; c__Bacteroidia; o__Bacteroidales; f__VadinHA17; g__LD21; s__LD21 sp012729475	True	False
GCA_012838685.1	Bacteroidetes bacterium	d__Bacteria; p__Bacteroidetes; c__; o__; f__; g__; s__	d__Bacteria; p__Bacteroidota; c__Bacteroidia; o__Bacteroidales; f__VadinHA17; g__DUOU01; s__DUOU01 sp012838685	True	False
GCA_012839275.1	Bacteroidales bacterium	d__Bacteria; p__Bacteroidetes; c__Bacteroidia; o__Bacteroidales; f__; g__; s__	d__Bacteria; p__Bacteroidota; c__Bacteroidia; o__Bacteroidales; f__VadinHA17; g__SR-FBR-E99; s__SR-FBR-E99 sp009881065	False	False
GCA_013152085.1	Chlorobi bacterium	d__Bacteria; p__Chlorobi; c__; o__; f__; g__; s__	d__Bacteria; p__Bacteroidota; c__Bacteroidia; o__Bacteroidales; f__VadinHA17; g__JAADHC01; s__JAADHC01 sp013152085	True	False
GCA_013314865.1	Bacteroidales bacterium	d__Bacteria; p__Bacteroidetes; c__Bacteroidia; o__Bacteroidales; f__; g__; s__	d__Bacteria; p__Bacteroidota; c__Bacteroidia; o__Bacteroidales; f__VadinHA17; g__LD21; s__LD21 sp013314865	True	False
GCA_015222065.1	Bacteroidetes bacterium	d__Bacteria; p__Bacteroidetes; c__; o__; f__; g__; s__	d__Bacteria; p__Bacteroidota; c__Bacteroidia; o__Bacteroidales; f__VadinHA17; g__JADFUQ01; s__JADFUQ01 sp015222065	True	False
GCA_015486185.1	Bacteroidales bacterium	d__Bacteria; p__Bacteroidetes; c__Bacteroidia; o__Bacteroidales; f__; g__; s__	d__Bacteria; p__Bacteroidota; c__Bacteroidia; o__Bacteroidales; f__VadinHA17; g__DRPN01; s__DRPN01 sp015486185	True	False
GCA_015486475.1	Bacteroidales bacterium	d__Bacteria; p__Bacteroidetes; c__Bacteroidia; o__Bacteroidales; f__; g__; s__	d__Bacteria; p__Bacteroidota; c__Bacteroidia; o__Bacteroidales; f__VadinHA17; g__DRPN01; s__DRPN01 sp015486475	True	False
GCA_015712185.1	Bacteroidales bacterium	d__Bacteria; p__Bacteroidetes; c__Bacteroidia; o__Bacteroidales; f__; g__; s__	d__Bacteria; p__Bacteroidota; c__Bacteroidia; o__Bacteroidales; f__VadinHA17; g__LD21; s__LD21 sp015712185	True	False
GCA_016706115.1	Bacteroidales bacterium	d__Bacteria; p__Bacteroidetes; c__Bacteroidia; o__Bacteroidales; f__; g__; s__	d__Bacteria; p__Bacteroidota; c__Bacteroidia; o__Bacteroidales; f__VadinHA17; g__SR-FBR-E99; s__SR-FBR-E99 sp009881065	False	False
GCA_016706185.1	Bacteroidales bacterium	d__Bacteria; p__Bacteroidetes; c__Bacteroidia; o__Bacteroidales; f__; g__; s__	d__Bacteria; p__Bacteroidota; c__Bacteroidia; o__Bacteroidales; f__VadinHA17; g__LD21; s__LD21 sp012519515	False	False
GCA_016706775.1	Bacteroidales bacterium	d__Bacteria; p__Bacteroidetes; c__Bacteroidia; o__Bacteroidales; f__; g__; s__	d__Bacteria; p__Bacteroidota; c__Bacteroidia; o__Bacteroidales; f__VadinHA17; g__SR-FBR-E99; s__SR-FBR-E99 sp009881065	False	False
GCA_016708015.1	Bacteroidales bacterium	d__Bacteria; p__Bacteroidetes; c__Bacteroidia; o__Bacteroidales; f__; g__; s__	d__Bacteria; p__Bacteroidota; c__Bacteroidia; o__Bacteroidales; f__VadinHA17; g__LD21; s__LD21 sp016709865	False	False
GCA_016709425.1	Bacteroidales bacterium	d__Bacteria; p__Bacteroidetes; c__Bacteroidia; o__Bacteroidales; f__; g__; s__	d__Bacteria; p__Bacteroidota; c__Bacteroidia; o__Bacteroidales; f__VadinHA17; g__LD21; s__LD21 sp016715075	False	False
GCA_016709865.1	Bacteroidales bacterium	d__Bacteria; p__Bacteroidetes; c__Bacteroidia; o__Bacteroidales; f__; g__; s__	d__Bacteria; p__Bacteroidota; c__Bacteroidia; o__Bacteroidales; f__VadinHA17; g__LD21; s__LD21 sp016709865	True	False
GCA_016715075.1	Bacteroidales bacterium	d__Bacteria; p__Bacteroidetes; c__Bacteroidia; o__Bacteroidales; f__; g__; s__	d__Bacteria; p__Bacteroidota; c__Bacteroidia; o__Bacteroidales; f__VadinHA17; g__LD21; s__LD21 sp016715075	True	False
GCA_016718875.1	Bacteroidetes bacterium	d__Bacteria; p__Bacteroidetes; c__; o__; f__; g__; s__	d__Bacteria; p__Bacteroidota; c__Bacteroidia; o__Bacteroidales; f__VadinHA17; g__LD21; s__LD21 sp016718875	True	False
GCA_016868515.1	Bacteroidetes bacterium	d__Bacteria; p__Bacteroidetes; c__; o__; f__; g__; s__	d__Bacteria; p__Bacteroidota; c__Bacteroidia; o__Bacteroidales; f__VadinHA17; g__SLNP01; s__SLNP01 sp016868515	True	False
GCA_016926325.1	Bacteroidales bacterium	d__Bacteria; p__Bacteroidetes; c__Bacteroidia; o__Bacteroidales; f__; g__; s__	d__Bacteria; p__Bacteroidota; c__Bacteroidia; o__Bacteroidales; f__VadinHA17; g__LD21; s__LD21 sp016936435	False	False
GCA_016928075.1	Bacteroidales bacterium	d__Bacteria; p__Bacteroidetes; c__Bacteroidia; o__Bacteroidales; f__; g__; s__	d__Bacteria; p__Bacteroidota; c__Bacteroidia; o__Bacteroidales; f__VadinHA17; g__UBA9300; s__UBA9300 sp016928075	True	False
GCA_016936435.1	Bacteroidales bacterium	d__Bacteria; p__Bacteroidetes; c__Bacteroidia; o__Bacteroidales; f__; g__; s__	d__Bacteria; p__Bacteroidota; c__Bacteroidia; o__Bacteroidales; f__VadinHA17; g__LD21; s__LD21 sp016936435	True	False
GCA_016936695.1	Bacteroidales bacterium	d__Bacteria; p__Bacteroidetes; c__Bacteroidia; o__Bacteroidales; f__; g__; s__	d__Bacteria; p__Bacteroidota; c__Bacteroidia; o__Bacteroidales; f__VadinHA17; g__LD21; s__LD21 sp016936695	True	False
GCA_017882245.1	Bacteroidales bacterium	d__Bacteria; p__Bacteroidetes; c__Bacteroidia; o__Bacteroidales; f__; g__; s__	d__Bacteria; p__Bacteroidota; c__Bacteroidia; o__Bacteroidales; f__VadinHA17; g__SR-FBR-E99; s__SR-FBR-E99 sp017882245	True	False
GCA_017882305.1	Bacteroidales bacterium	d__Bacteria; p__Bacteroidetes; c__Bacteroidia; o__Bacteroidales; f__; g__; s__	d__Bacteria; p__Bacteroidota; c__Bacteroidia; o__Bacteroidales; f__VadinHA17; g__LD21; s__LD21 sp017882305	True	False
GCA_017882345.1	Bacteroidales bacterium	d__Bacteria; p__Bacteroidetes; c__Bacteroidia; o__Bacteroidales; f__; g__; s__	d__Bacteria; p__Bacteroidota; c__Bacteroidia; o__Bacteroidales; f__VadinHA17; g__LD21; s__LD21 sp017882345	True	False
GCA_017993355.1	Bacteroidales bacterium	d__Bacteria; p__Bacteroidetes; c__Bacteroidia; o__Bacteroidales; f__; g__; s__	d__Bacteria; p__Bacteroidota; c__Bacteroidia; o__Bacteroidales; f__VadinHA17; g__SR-FBR-E99; s__SR-FBR-E99 sp009881065	False	False
GCA_017993555.1	Bacteroidales bacterium	d__Bacteria; p__Bacteroidetes; c__Bacteroidia; o__Bacteroidales; f__; g__; s__	d__Bacteria; p__Bacteroidota; c__Bacteroidia; o__Bacteroidales; f__VadinHA17; g__LD21; s__LD21 sp012519515	False	False
GCA_017993685.1	Bacteroidales bacterium	d__Bacteria; p__Bacteroidetes; c__Bacteroidia; o__Bacteroidales; f__; g__; s__	d__Bacteria; p__Bacteroidota; c__Bacteroidia; o__Bacteroidales; f__VadinHA17; g__SR-FBR-E99; s__SR-FBR-E99 sp018262715	False	False
GCA_017999895.1	Bacteroidales bacterium	d__Bacteria; p__Bacteroidetes; c__Bacteroidia; o__Bacteroidales; f__; g__; s__	d__Bacteria; p__Bacteroidota; c__Bacteroidia; o__Bacteroidales; f__VadinHA17; g__UBA8202; s__UBA8202 sp003521565	True	False
GCA_018053955.1	Bacteroidales bacterium	d__Bacteria; p__Bacteroidetes; c__Bacteroidia; o__Bacteroidales; f__; g__; s__	d__Bacteria; p__Bacteroidota; c__Bacteroidia; o__Bacteroidales; f__VadinHA17; g__SR-FBR-E99; s__SR-FBR-E99 sp009881065	False	False
GCA_018056245.1	Bacteroidales bacterium	d__Bacteria; p__Bacteroidetes; c__Bacteroidia; o__Bacteroidales; f__; g__; s__	d__Bacteria; p__Bacteroidota; c__Bacteroidia; o__Bacteroidales; f__VadinHA17; g__UBA8202; s__UBA8202 sp018056245	True	False
GCA_018262695.1	Bacteroidetes bacterium	d__Bacteria; p__Bacteroidetes; c__; o__; f__; g__; s__	d__Bacteria; p__Bacteroidota; c__Bacteroidia; o__Bacteroidales; f__VadinHA17; g__LD21; s__LD21 sp012517605	False	False
GCA_018262715.1	Bacteroidetes bacterium	d__Bacteria; p__Bacteroidetes; c__; o__; f__; g__; s__	d__Bacteria; p__Bacteroidota; c__Bacteroidia; o__Bacteroidales; f__VadinHA17; g__SR-FBR-E99; s__SR-FBR-E99 sp018262715	True	False
GCA_018435145.1	Bacteroidales bacterium	d__Bacteria; p__Bacteroidetes; c__Bacteroidia; o__Bacteroidales; f__; g__; s__	d__Bacteria; p__Bacteroidota; c__Bacteroidia; o__Bacteroidales; f__VadinHA17; g__LD21; s__LD21 sp012519515	False	False
GCA_018437025.1	Bacteroidales bacterium	d__Bacteria; p__Bacteroidetes; c__Bacteroidia; o__Bacteroidales; f__; g__; s__	d__Bacteria; p__Bacteroidota; c__Bacteroidia; o__Bacteroidales; f__VadinHA17; g__SR-FBR-E99; s__SR-FBR-E99 sp009881065	False	False
GCA_019135855.1	Bacteroidetes bacterium	d__Bacteria; p__Bacteroidetes; c__; o__; f__; g__; s__	d__Bacteria; p__Bacteroidota; c__Bacteroidia; o__Bacteroidales; f__VadinHA17; g__LD21; s__LD21 sp012519515	False	False
GCA_019136415.1	Bacteroidetes bacterium	d__Bacteria; p__Bacteroidetes; c__; o__; f__; g__; s__	d__Bacteria; p__Bacteroidota; c__Bacteroidia; o__Bacteroidales; f__VadinHA17; g__SR-FBR-E99; s__SR-FBR-E99 sp018262715	False	False
GCA_903824785.1	uncultured Bacteroidetes bacterium	d__Bacteria; p__Bacteroidetes; c__; o__; f__; g__; s__	d__Bacteria; p__Bacteroidota; c__Bacteroidia; o__Bacteroidales; f__VadinHA17; g__LD21; s__LD21 sp903824785	True	False
GCA_903844815.1	uncultured Bacteroidetes bacterium	d__Bacteria; p__Bacteroidetes; c__; o__; f__; g__; s__	d__Bacteria; p__Bacteroidota; c__Bacteroidia; o__Bacteroidales; f__VadinHA17; g__LD21; s__LD21 sp903844815	True	False
GCA_903935275.1	uncultured Bacteroidetes bacterium	d__Bacteria; p__Bacteroidetes; c__; o__; f__; g__; s__	d__Bacteria; p__Bacteroidota; c__Bacteroidia; o__Bacteroidales; f__VadinHA17; g__LD21; s__LD21 sp903824785	False	False
GCA_903938095.1	uncultured Bacteroidetes bacterium	d__Bacteria; p__Bacteroidetes; c__; o__; f__; g__; s__	d__Bacteria; p__Bacteroidota; c__Bacteroidia; o__Bacteroidales; f__VadinHA17; g__LD21; s__LD21 sp903824785	False	False
GCA_903945345.1	uncultured Bacteroidetes bacterium	d__Bacteria; p__Bacteroidetes; c__; o__; f__; g__; s__	d__Bacteria; p__Bacteroidota; c__Bacteroidia; o__Bacteroidales; f__VadinHA17; g__LD21; s__LD21 sp903824785	False	False
